areaType,areaName,areaCode,date,newDeaths28DaysByDeathDate,cumDeaths28DaysByDeathDate
overview,United Kingdom,K02000001,2021-09-14,92,134749
overview,United Kingdom,K02000001,2021-09-13,75,134657
overview,United Kingdom,K02000001,2021-09-12,108,134582
overview,United Kingdom,K02000001,2021-09-11,108,134474
overview,United Kingdom,K02000001,2021-09-10,108,134366
overview,United Kingdom,K02000001,2021-09-09,148,134258
overview,United Kingdom,K02000001,2021-09-08,121,134110
overview,United Kingdom,K02000001,2021-09-07,142,133989
overview,United Kingdom,K02000001,2021-09-06,131,133847
overview,United Kingdom,K02000001,2021-09-05,149,133716
overview,United Kingdom,K02000001,2021-09-04,130,133567
overview,United Kingdom,K02000001,2021-09-03,144,133437
overview,United Kingdom,K02000001,2021-09-02,127,133293
overview,United Kingdom,K02000001,2021-09-01,115,133166
overview,United Kingdom,K02000001,2021-08-31,112,133051
overview,United Kingdom,K02000001,2021-08-30,104,132939
overview,United Kingdom,K02000001,2021-08-29,125,132835
overview,United Kingdom,K02000001,2021-08-28,120,132710
overview,United Kingdom,K02000001,2021-08-27,126,132590
overview,United Kingdom,K02000001,2021-08-26,114,132464
overview,United Kingdom,K02000001,2021-08-25,99,132350
overview,United Kingdom,K02000001,2021-08-24,112,132251
overview,United Kingdom,K02000001,2021-08-23,113,132139
overview,United Kingdom,K02000001,2021-08-22,117,132026
overview,United Kingdom,K02000001,2021-08-21,104,131909
overview,United Kingdom,K02000001,2021-08-20,117,131805
overview,United Kingdom,K02000001,2021-08-19,107,131688
overview,United Kingdom,K02000001,2021-08-18,98,131581
overview,United Kingdom,K02000001,2021-08-17,105,131483
overview,United Kingdom,K02000001,2021-08-16,76,131378
overview,United Kingdom,K02000001,2021-08-15,83,131302
overview,United Kingdom,K02000001,2021-08-14,93,131219
overview,United Kingdom,K02000001,2021-08-13,103,131126
overview,United Kingdom,K02000001,2021-08-12,105,131023
overview,United Kingdom,K02000001,2021-08-11,87,130918
overview,United Kingdom,K02000001,2021-08-10,80,130831
overview,United Kingdom,K02000001,2021-08-09,79,130751
overview,United Kingdom,K02000001,2021-08-08,79,130672
overview,United Kingdom,K02000001,2021-08-07,95,130593
overview,United Kingdom,K02000001,2021-08-06,93,130498
overview,United Kingdom,K02000001,2021-08-05,98,130405
overview,United Kingdom,K02000001,2021-08-04,79,130307
overview,United Kingdom,K02000001,2021-08-03,74,130228
overview,United Kingdom,K02000001,2021-08-02,78,130154
overview,United Kingdom,K02000001,2021-08-01,93,130076
overview,United Kingdom,K02000001,2021-07-31,88,129983
overview,United Kingdom,K02000001,2021-07-30,104,129895
overview,United Kingdom,K02000001,2021-07-29,77,129791
overview,United Kingdom,K02000001,2021-07-28,85,129714
overview,United Kingdom,K02000001,2021-07-27,73,129629
overview,United Kingdom,K02000001,2021-07-26,74,129556
overview,United Kingdom,K02000001,2021-07-25,71,129482
overview,United Kingdom,K02000001,2021-07-24,71,129411
overview,United Kingdom,K02000001,2021-07-23,81,129340
overview,United Kingdom,K02000001,2021-07-22,77,129259
overview,United Kingdom,K02000001,2021-07-21,53,129182
overview,United Kingdom,K02000001,2021-07-20,57,129129
overview,United Kingdom,K02000001,2021-07-19,83,129072
overview,United Kingdom,K02000001,2021-07-18,66,128989
overview,United Kingdom,K02000001,2021-07-17,52,128923
overview,United Kingdom,K02000001,2021-07-16,50,128871
overview,United Kingdom,K02000001,2021-07-15,52,128821
overview,United Kingdom,K02000001,2021-07-14,42,128769
overview,United Kingdom,K02000001,2021-07-13,49,128727
overview,United Kingdom,K02000001,2021-07-12,39,128678
overview,United Kingdom,K02000001,2021-07-11,33,128639
overview,United Kingdom,K02000001,2021-07-10,42,128606
overview,United Kingdom,K02000001,2021-07-09,47,128564
overview,United Kingdom,K02000001,2021-07-08,38,128517
overview,United Kingdom,K02000001,2021-07-07,28,128479
overview,United Kingdom,K02000001,2021-07-06,32,128451
overview,United Kingdom,K02000001,2021-07-05,28,128419
overview,United Kingdom,K02000001,2021-07-04,28,128391
overview,United Kingdom,K02000001,2021-07-03,28,128363
overview,United Kingdom,K02000001,2021-07-02,27,128335
overview,United Kingdom,K02000001,2021-07-01,21,128308
overview,United Kingdom,K02000001,2021-06-30,21,128287
overview,United Kingdom,K02000001,2021-06-29,23,128266
overview,United Kingdom,K02000001,2021-06-28,12,128243
overview,United Kingdom,K02000001,2021-06-27,20,128231
overview,United Kingdom,K02000001,2021-06-26,17,128211
overview,United Kingdom,K02000001,2021-06-25,20,128194
overview,United Kingdom,K02000001,2021-06-24,21,128174
overview,United Kingdom,K02000001,2021-06-23,7,128153
overview,United Kingdom,K02000001,2021-06-22,13,128146
overview,United Kingdom,K02000001,2021-06-21,16,128133
overview,United Kingdom,K02000001,2021-06-20,23,128117
overview,United Kingdom,K02000001,2021-06-19,22,128094
overview,United Kingdom,K02000001,2021-06-18,13,128072
overview,United Kingdom,K02000001,2021-06-17,6,128059
overview,United Kingdom,K02000001,2021-06-16,11,128053
overview,United Kingdom,K02000001,2021-06-15,19,128042
overview,United Kingdom,K02000001,2021-06-14,9,128023
overview,United Kingdom,K02000001,2021-06-13,10,128014
overview,United Kingdom,K02000001,2021-06-12,13,128004
overview,United Kingdom,K02000001,2021-06-11,6,127991
overview,United Kingdom,K02000001,2021-06-10,11,127985
overview,United Kingdom,K02000001,2021-06-09,7,127974
overview,United Kingdom,K02000001,2021-06-08,8,127967
overview,United Kingdom,K02000001,2021-06-07,5,127959
overview,United Kingdom,K02000001,2021-06-06,6,127954
overview,United Kingdom,K02000001,2021-06-05,5,127948
overview,United Kingdom,K02000001,2021-06-04,9,127943
overview,United Kingdom,K02000001,2021-06-03,12,127934
overview,United Kingdom,K02000001,2021-06-02,10,127922
overview,United Kingdom,K02000001,2021-06-01,4,127912
overview,United Kingdom,K02000001,2021-05-31,7,127908
overview,United Kingdom,K02000001,2021-05-30,8,127901
overview,United Kingdom,K02000001,2021-05-29,7,127893
overview,United Kingdom,K02000001,2021-05-28,8,127886
overview,United Kingdom,K02000001,2021-05-27,8,127878
overview,United Kingdom,K02000001,2021-05-26,11,127870
overview,United Kingdom,K02000001,2021-05-25,4,127859
overview,United Kingdom,K02000001,2021-05-24,9,127855
overview,United Kingdom,K02000001,2021-05-23,7,127846
overview,United Kingdom,K02000001,2021-05-22,4,127839
overview,United Kingdom,K02000001,2021-05-21,7,127835
overview,United Kingdom,K02000001,2021-05-20,5,127828
overview,United Kingdom,K02000001,2021-05-19,5,127823
overview,United Kingdom,K02000001,2021-05-18,6,127818
overview,United Kingdom,K02000001,2021-05-17,7,127812
overview,United Kingdom,K02000001,2021-05-16,8,127805
overview,United Kingdom,K02000001,2021-05-15,7,127797
overview,United Kingdom,K02000001,2021-05-14,6,127790
overview,United Kingdom,K02000001,2021-05-13,5,127784
overview,United Kingdom,K02000001,2021-05-12,11,127779
overview,United Kingdom,K02000001,2021-05-11,14,127768
overview,United Kingdom,K02000001,2021-05-10,8,127754
overview,United Kingdom,K02000001,2021-05-09,9,127746
overview,United Kingdom,K02000001,2021-05-08,8,127737
overview,United Kingdom,K02000001,2021-05-07,10,127729
overview,United Kingdom,K02000001,2021-05-06,10,127719
overview,United Kingdom,K02000001,2021-05-05,12,127709
overview,United Kingdom,K02000001,2021-05-04,10,127697
overview,United Kingdom,K02000001,2021-05-03,8,127687
overview,United Kingdom,K02000001,2021-05-02,12,127679
overview,United Kingdom,K02000001,2021-05-01,8,127667
overview,United Kingdom,K02000001,2021-04-30,8,127659
overview,United Kingdom,K02000001,2021-04-29,13,127651
overview,United Kingdom,K02000001,2021-04-28,14,127638
overview,United Kingdom,K02000001,2021-04-27,12,127624
overview,United Kingdom,K02000001,2021-04-26,12,127612
overview,United Kingdom,K02000001,2021-04-25,15,127600
overview,United Kingdom,K02000001,2021-04-24,8,127585
overview,United Kingdom,K02000001,2021-04-23,21,127577
overview,United Kingdom,K02000001,2021-04-22,16,127556
overview,United Kingdom,K02000001,2021-04-21,24,127540
overview,United Kingdom,K02000001,2021-04-20,19,127516
overview,United Kingdom,K02000001,2021-04-19,18,127497
overview,United Kingdom,K02000001,2021-04-18,17,127479
overview,United Kingdom,K02000001,2021-04-17,22,127462
overview,United Kingdom,K02000001,2021-04-16,17,127440
overview,United Kingdom,K02000001,2021-04-15,21,127423
overview,United Kingdom,K02000001,2021-04-14,17,127402
overview,United Kingdom,K02000001,2021-04-13,20,127385
overview,United Kingdom,K02000001,2021-04-12,27,127365
overview,United Kingdom,K02000001,2021-04-11,22,127338
overview,United Kingdom,K02000001,2021-04-10,24,127316
overview,United Kingdom,K02000001,2021-04-09,23,127292
overview,United Kingdom,K02000001,2021-04-08,35,127269
overview,United Kingdom,K02000001,2021-04-07,29,127234
overview,United Kingdom,K02000001,2021-04-06,28,127205
overview,United Kingdom,K02000001,2021-04-05,17,127177
overview,United Kingdom,K02000001,2021-04-04,26,127160
overview,United Kingdom,K02000001,2021-04-03,31,127134
overview,United Kingdom,K02000001,2021-04-02,28,127103
overview,United Kingdom,K02000001,2021-04-01,31,127075
overview,United Kingdom,K02000001,2021-03-31,38,127044
overview,United Kingdom,K02000001,2021-03-30,43,127006
overview,United Kingdom,K02000001,2021-03-29,35,126963
overview,United Kingdom,K02000001,2021-03-28,34,126928
overview,United Kingdom,K02000001,2021-03-27,36,126894
overview,United Kingdom,K02000001,2021-03-26,48,126858
overview,United Kingdom,K02000001,2021-03-25,45,126810
overview,United Kingdom,K02000001,2021-03-24,40,126765
overview,United Kingdom,K02000001,2021-03-23,50,126725
overview,United Kingdom,K02000001,2021-03-22,65,126675
overview,United Kingdom,K02000001,2021-03-21,80,126610
overview,United Kingdom,K02000001,2021-03-20,64,126530
overview,United Kingdom,K02000001,2021-03-19,70,126466
overview,United Kingdom,K02000001,2021-03-18,59,126396
overview,United Kingdom,K02000001,2021-03-17,79,126337
overview,United Kingdom,K02000001,2021-03-16,80,126258
overview,United Kingdom,K02000001,2021-03-15,91,126178
overview,United Kingdom,K02000001,2021-03-14,94,126087
overview,United Kingdom,K02000001,2021-03-13,107,125993
overview,United Kingdom,K02000001,2021-03-12,92,125886
overview,United Kingdom,K02000001,2021-03-11,121,125794
overview,United Kingdom,K02000001,2021-03-10,116,125673
overview,United Kingdom,K02000001,2021-03-09,133,125557
overview,United Kingdom,K02000001,2021-03-08,143,125424
overview,United Kingdom,K02000001,2021-03-07,131,125281
overview,United Kingdom,K02000001,2021-03-06,153,125150
overview,United Kingdom,K02000001,2021-03-05,169,124997
overview,United Kingdom,K02000001,2021-03-04,153,124828
overview,United Kingdom,K02000001,2021-03-03,147,124675
overview,United Kingdom,K02000001,2021-03-02,182,124528
overview,United Kingdom,K02000001,2021-03-01,225,124346
overview,United Kingdom,K02000001,2021-02-28,211,124121
overview,United Kingdom,K02000001,2021-02-27,229,123910
overview,United Kingdom,K02000001,2021-02-26,226,123681
overview,United Kingdom,K02000001,2021-02-25,259,123455
overview,United Kingdom,K02000001,2021-02-24,273,123196
overview,United Kingdom,K02000001,2021-02-23,287,122923
overview,United Kingdom,K02000001,2021-02-22,281,122636
overview,United Kingdom,K02000001,2021-02-21,325,122355
overview,United Kingdom,K02000001,2021-02-20,349,122030
overview,United Kingdom,K02000001,2021-02-19,381,121681
overview,United Kingdom,K02000001,2021-02-18,416,121300
overview,United Kingdom,K02000001,2021-02-17,430,120884
overview,United Kingdom,K02000001,2021-02-16,445,120454
overview,United Kingdom,K02000001,2021-02-15,518,120009
overview,United Kingdom,K02000001,2021-02-14,493,119491
overview,United Kingdom,K02000001,2021-02-13,490,118998
overview,United Kingdom,K02000001,2021-02-12,527,118508
overview,United Kingdom,K02000001,2021-02-11,571,117981
overview,United Kingdom,K02000001,2021-02-10,607,117410
overview,United Kingdom,K02000001,2021-02-09,607,116803
overview,United Kingdom,K02000001,2021-02-08,676,116196
overview,United Kingdom,K02000001,2021-02-07,635,115520
overview,United Kingdom,K02000001,2021-02-06,699,114885
overview,United Kingdom,K02000001,2021-02-05,752,114186
overview,United Kingdom,K02000001,2021-02-04,715,113434
overview,United Kingdom,K02000001,2021-02-03,857,112719
overview,United Kingdom,K02000001,2021-02-02,849,111862
overview,United Kingdom,K02000001,2021-02-01,891,111013
overview,United Kingdom,K02000001,2021-01-31,892,110122
overview,United Kingdom,K02000001,2021-01-30,912,109230
overview,United Kingdom,K02000001,2021-01-29,1067,108318
overview,United Kingdom,K02000001,2021-01-28,1107,107251
overview,United Kingdom,K02000001,2021-01-27,1111,106144
overview,United Kingdom,K02000001,2021-01-26,1059,105033
overview,United Kingdom,K02000001,2021-01-25,1164,103974
overview,United Kingdom,K02000001,2021-01-24,1157,102810
overview,United Kingdom,K02000001,2021-01-23,1164,101653
overview,United Kingdom,K02000001,2021-01-22,1244,100489
overview,United Kingdom,K02000001,2021-01-21,1236,99245
overview,United Kingdom,K02000001,2021-01-20,1296,98009
overview,United Kingdom,K02000001,2021-01-19,1359,96713
overview,United Kingdom,K02000001,2021-01-18,1294,95354
overview,United Kingdom,K02000001,2021-01-17,1267,94060
overview,United Kingdom,K02000001,2021-01-16,1306,92793
overview,United Kingdom,K02000001,2021-01-15,1225,91487
overview,United Kingdom,K02000001,2021-01-14,1227,90262
overview,United Kingdom,K02000001,2021-01-13,1213,89035
overview,United Kingdom,K02000001,2021-01-12,1209,87822
overview,United Kingdom,K02000001,2021-01-11,1130,86613
overview,United Kingdom,K02000001,2021-01-10,1095,85483
overview,United Kingdom,K02000001,2021-01-09,1018,84388
overview,United Kingdom,K02000001,2021-01-08,985,83370
overview,United Kingdom,K02000001,2021-01-07,994,82385
overview,United Kingdom,K02000001,2021-01-06,931,81391
overview,United Kingdom,K02000001,2021-01-05,907,80460
overview,United Kingdom,K02000001,2021-01-04,839,79553
overview,United Kingdom,K02000001,2021-01-03,759,78714
overview,United Kingdom,K02000001,2021-01-02,759,77955
overview,United Kingdom,K02000001,2021-01-01,749,77196
overview,United Kingdom,K02000001,2020-12-31,757,76447
overview,United Kingdom,K02000001,2020-12-30,720,75690
overview,United Kingdom,K02000001,2020-12-29,656,74970
overview,United Kingdom,K02000001,2020-12-28,678,74314
overview,United Kingdom,K02000001,2020-12-27,652,73636
overview,United Kingdom,K02000001,2020-12-26,654,72984
overview,United Kingdom,K02000001,2020-12-25,612,72330
overview,United Kingdom,K02000001,2020-12-24,582,71718
overview,United Kingdom,K02000001,2020-12-23,565,71136
overview,United Kingdom,K02000001,2020-12-22,562,70571
overview,United Kingdom,K02000001,2020-12-21,575,70009
overview,United Kingdom,K02000001,2020-12-20,506,69434
overview,United Kingdom,K02000001,2020-12-19,488,68928
overview,United Kingdom,K02000001,2020-12-18,514,68440
overview,United Kingdom,K02000001,2020-12-17,537,67926
overview,United Kingdom,K02000001,2020-12-16,433,67389
overview,United Kingdom,K02000001,2020-12-15,459,66956
overview,United Kingdom,K02000001,2020-12-14,479,66497
overview,United Kingdom,K02000001,2020-12-13,418,66018
overview,United Kingdom,K02000001,2020-12-12,437,65600
overview,United Kingdom,K02000001,2020-12-11,453,65163
overview,United Kingdom,K02000001,2020-12-10,447,64710
overview,United Kingdom,K02000001,2020-12-09,431,64263
overview,United Kingdom,K02000001,2020-12-08,435,63832
overview,United Kingdom,K02000001,2020-12-07,420,63397
overview,United Kingdom,K02000001,2020-12-06,420,62977
overview,United Kingdom,K02000001,2020-12-05,395,62557
overview,United Kingdom,K02000001,2020-12-04,474,62162
overview,United Kingdom,K02000001,2020-12-03,474,61688
overview,United Kingdom,K02000001,2020-12-02,386,61214
overview,United Kingdom,K02000001,2020-12-01,399,60828
overview,United Kingdom,K02000001,2020-11-30,423,60429
overview,United Kingdom,K02000001,2020-11-29,465,60006
overview,United Kingdom,K02000001,2020-11-28,467,59541
overview,United Kingdom,K02000001,2020-11-27,425,59074
overview,United Kingdom,K02000001,2020-11-26,433,58649
overview,United Kingdom,K02000001,2020-11-25,484,58216
overview,United Kingdom,K02000001,2020-11-24,461,57732
overview,United Kingdom,K02000001,2020-11-23,464,57271
overview,United Kingdom,K02000001,2020-11-22,475,56807
overview,United Kingdom,K02000001,2020-11-21,466,56332
overview,United Kingdom,K02000001,2020-11-20,454,55866
overview,United Kingdom,K02000001,2020-11-19,461,55412
overview,United Kingdom,K02000001,2020-11-18,487,54951
overview,United Kingdom,K02000001,2020-11-17,440,54464
overview,United Kingdom,K02000001,2020-11-16,423,54024
overview,United Kingdom,K02000001,2020-11-15,454,53601
overview,United Kingdom,K02000001,2020-11-14,431,53147
overview,United Kingdom,K02000001,2020-11-13,436,52716
overview,United Kingdom,K02000001,2020-11-12,421,52280
overview,United Kingdom,K02000001,2020-11-11,391,51859
overview,United Kingdom,K02000001,2020-11-10,391,51468
overview,United Kingdom,K02000001,2020-11-09,482,51077
overview,United Kingdom,K02000001,2020-11-08,416,50595
overview,United Kingdom,K02000001,2020-11-07,392,50179
overview,United Kingdom,K02000001,2020-11-06,401,49787
overview,United Kingdom,K02000001,2020-11-05,380,49386
overview,United Kingdom,K02000001,2020-11-04,329,49006
overview,United Kingdom,K02000001,2020-11-03,361,48677
overview,United Kingdom,K02000001,2020-11-02,337,48316
overview,United Kingdom,K02000001,2020-11-01,359,47979
overview,United Kingdom,K02000001,2020-10-31,320,47620
overview,United Kingdom,K02000001,2020-10-30,339,47300
overview,United Kingdom,K02000001,2020-10-29,313,46961
overview,United Kingdom,K02000001,2020-10-28,287,46648
overview,United Kingdom,K02000001,2020-10-27,266,46361
overview,United Kingdom,K02000001,2020-10-26,279,46095
overview,United Kingdom,K02000001,2020-10-25,250,45816
overview,United Kingdom,K02000001,2020-10-24,214,45566
overview,United Kingdom,K02000001,2020-10-23,223,45352
overview,United Kingdom,K02000001,2020-10-22,236,45129
overview,United Kingdom,K02000001,2020-10-21,221,44893
overview,United Kingdom,K02000001,2020-10-20,197,44672
overview,United Kingdom,K02000001,2020-10-19,192,44475
overview,United Kingdom,K02000001,2020-10-18,160,44283
overview,United Kingdom,K02000001,2020-10-17,178,44123
overview,United Kingdom,K02000001,2020-10-16,150,43945
overview,United Kingdom,K02000001,2020-10-15,151,43795
overview,United Kingdom,K02000001,2020-10-14,116,43644
overview,United Kingdom,K02000001,2020-10-13,111,43528
overview,United Kingdom,K02000001,2020-10-12,113,43417
overview,United Kingdom,K02000001,2020-10-11,124,43304
overview,United Kingdom,K02000001,2020-10-10,104,43180
overview,United Kingdom,K02000001,2020-10-09,79,43076
overview,United Kingdom,K02000001,2020-10-08,93,42997
overview,United Kingdom,K02000001,2020-10-07,102,42904
overview,United Kingdom,K02000001,2020-10-06,71,42802
overview,United Kingdom,K02000001,2020-10-05,72,42731
overview,United Kingdom,K02000001,2020-10-04,60,42659
overview,United Kingdom,K02000001,2020-10-03,67,42599
overview,United Kingdom,K02000001,2020-10-02,69,42532
overview,United Kingdom,K02000001,2020-10-01,66,42463
overview,United Kingdom,K02000001,2020-09-30,57,42397
overview,United Kingdom,K02000001,2020-09-29,48,42340
overview,United Kingdom,K02000001,2020-09-28,54,42292
overview,United Kingdom,K02000001,2020-09-27,47,42238
overview,United Kingdom,K02000001,2020-09-26,39,42191
overview,United Kingdom,K02000001,2020-09-25,32,42152
overview,United Kingdom,K02000001,2020-09-24,35,42120
overview,United Kingdom,K02000001,2020-09-23,57,42085
overview,United Kingdom,K02000001,2020-09-22,39,42028
overview,United Kingdom,K02000001,2020-09-21,27,41989
overview,United Kingdom,K02000001,2020-09-20,32,41962
overview,United Kingdom,K02000001,2020-09-19,20,41930
overview,United Kingdom,K02000001,2020-09-18,24,41910
overview,United Kingdom,K02000001,2020-09-17,27,41886
overview,United Kingdom,K02000001,2020-09-16,26,41859
overview,United Kingdom,K02000001,2020-09-15,18,41833
overview,United Kingdom,K02000001,2020-09-14,21,41815
overview,United Kingdom,K02000001,2020-09-13,16,41794
overview,United Kingdom,K02000001,2020-09-12,18,41778
overview,United Kingdom,K02000001,2020-09-11,13,41760
overview,United Kingdom,K02000001,2020-09-10,13,41747
overview,United Kingdom,K02000001,2020-09-09,9,41734
overview,United Kingdom,K02000001,2020-09-08,9,41725
overview,United Kingdom,K02000001,2020-09-07,15,41716
overview,United Kingdom,K02000001,2020-09-06,8,41701
overview,United Kingdom,K02000001,2020-09-05,13,41693
overview,United Kingdom,K02000001,2020-09-04,7,41680
overview,United Kingdom,K02000001,2020-09-03,10,41673
overview,United Kingdom,K02000001,2020-09-02,9,41663
overview,United Kingdom,K02000001,2020-09-01,3,41654
overview,United Kingdom,K02000001,2020-08-31,9,41651
overview,United Kingdom,K02000001,2020-08-30,6,41642
overview,United Kingdom,K02000001,2020-08-29,5,41636
overview,United Kingdom,K02000001,2020-08-28,10,41631
overview,United Kingdom,K02000001,2020-08-27,8,41621
overview,United Kingdom,K02000001,2020-08-26,11,41613
overview,United Kingdom,K02000001,2020-08-25,12,41602
overview,United Kingdom,K02000001,2020-08-24,6,41590
overview,United Kingdom,K02000001,2020-08-23,14,41584
overview,United Kingdom,K02000001,2020-08-22,8,41570
overview,United Kingdom,K02000001,2020-08-21,7,41562
overview,United Kingdom,K02000001,2020-08-20,8,41555
overview,United Kingdom,K02000001,2020-08-19,3,41547
overview,United Kingdom,K02000001,2020-08-18,9,41544
overview,United Kingdom,K02000001,2020-08-17,12,41535
overview,United Kingdom,K02000001,2020-08-16,4,41523
overview,United Kingdom,K02000001,2020-08-15,12,41519
overview,United Kingdom,K02000001,2020-08-14,7,41507
overview,United Kingdom,K02000001,2020-08-13,9,41500
overview,United Kingdom,K02000001,2020-08-12,7,41491
overview,United Kingdom,K02000001,2020-08-11,10,41484
overview,United Kingdom,K02000001,2020-08-10,13,41474
overview,United Kingdom,K02000001,2020-08-09,8,41461
overview,United Kingdom,K02000001,2020-08-08,14,41453
overview,United Kingdom,K02000001,2020-08-07,12,41439
overview,United Kingdom,K02000001,2020-08-06,9,41427
overview,United Kingdom,K02000001,2020-08-05,6,41418
overview,United Kingdom,K02000001,2020-08-04,14,41412
overview,United Kingdom,K02000001,2020-08-03,15,41398
overview,United Kingdom,K02000001,2020-08-02,10,41383
overview,United Kingdom,K02000001,2020-08-01,11,41373
overview,United Kingdom,K02000001,2020-07-31,14,41362
overview,United Kingdom,K02000001,2020-07-30,10,41348
overview,United Kingdom,K02000001,2020-07-29,12,41338
overview,United Kingdom,K02000001,2020-07-28,12,41326
overview,United Kingdom,K02000001,2020-07-27,11,41314
overview,United Kingdom,K02000001,2020-07-26,16,41303
overview,United Kingdom,K02000001,2020-07-25,16,41287
overview,United Kingdom,K02000001,2020-07-24,7,41271
overview,United Kingdom,K02000001,2020-07-23,16,41264
overview,United Kingdom,K02000001,2020-07-22,17,41248
overview,United Kingdom,K02000001,2020-07-21,20,41231
overview,United Kingdom,K02000001,2020-07-20,12,41211
overview,United Kingdom,K02000001,2020-07-19,14,41199
overview,United Kingdom,K02000001,2020-07-18,14,41185
overview,United Kingdom,K02000001,2020-07-17,18,41171
overview,United Kingdom,K02000001,2020-07-16,13,41153
overview,United Kingdom,K02000001,2020-07-15,20,41140
overview,United Kingdom,K02000001,2020-07-14,21,41120
overview,United Kingdom,K02000001,2020-07-13,24,41099
overview,United Kingdom,K02000001,2020-07-12,13,41075
overview,United Kingdom,K02000001,2020-07-11,21,41062
overview,United Kingdom,K02000001,2020-07-10,21,41041
overview,United Kingdom,K02000001,2020-07-09,37,41020
overview,United Kingdom,K02000001,2020-07-08,24,40983
overview,United Kingdom,K02000001,2020-07-07,27,40959
overview,United Kingdom,K02000001,2020-07-06,35,40932
overview,United Kingdom,K02000001,2020-07-05,27,40897
overview,United Kingdom,K02000001,2020-07-04,33,40870
overview,United Kingdom,K02000001,2020-07-03,29,40837
overview,United Kingdom,K02000001,2020-07-02,43,40808
overview,United Kingdom,K02000001,2020-07-01,27,40765
overview,United Kingdom,K02000001,2020-06-30,47,40738
overview,United Kingdom,K02000001,2020-06-29,39,40691
overview,United Kingdom,K02000001,2020-06-28,45,40652
overview,United Kingdom,K02000001,2020-06-27,49,40607
overview,United Kingdom,K02000001,2020-06-26,41,40558
overview,United Kingdom,K02000001,2020-06-25,68,40517
overview,United Kingdom,K02000001,2020-06-24,74,40449
overview,United Kingdom,K02000001,2020-06-23,64,40375
overview,United Kingdom,K02000001,2020-06-22,64,40311
overview,United Kingdom,K02000001,2020-06-21,54,40247
overview,United Kingdom,K02000001,2020-06-20,60,40193
overview,United Kingdom,K02000001,2020-06-19,52,40133
overview,United Kingdom,K02000001,2020-06-18,61,40081
overview,United Kingdom,K02000001,2020-06-17,59,40020
overview,United Kingdom,K02000001,2020-06-16,84,39961
overview,United Kingdom,K02000001,2020-06-15,70,39877
overview,United Kingdom,K02000001,2020-06-14,86,39807
overview,United Kingdom,K02000001,2020-06-13,62,39721
overview,United Kingdom,K02000001,2020-06-12,80,39659
overview,United Kingdom,K02000001,2020-06-11,80,39579
overview,United Kingdom,K02000001,2020-06-10,109,39499
overview,United Kingdom,K02000001,2020-06-09,90,39390
overview,United Kingdom,K02000001,2020-06-08,125,39300
overview,United Kingdom,K02000001,2020-06-07,128,39175
overview,United Kingdom,K02000001,2020-06-06,110,39047
overview,United Kingdom,K02000001,2020-06-05,123,38937
overview,United Kingdom,K02000001,2020-06-04,134,38814
overview,United Kingdom,K02000001,2020-06-03,155,38680
overview,United Kingdom,K02000001,2020-06-02,168,38525
overview,United Kingdom,K02000001,2020-06-01,135,38357
overview,United Kingdom,K02000001,2020-05-31,126,38222
overview,United Kingdom,K02000001,2020-05-30,163,38096
overview,United Kingdom,K02000001,2020-05-29,186,37933
overview,United Kingdom,K02000001,2020-05-28,217,37747
overview,United Kingdom,K02000001,2020-05-27,197,37530
overview,United Kingdom,K02000001,2020-05-26,214,37333
overview,United Kingdom,K02000001,2020-05-25,200,37119
overview,United Kingdom,K02000001,2020-05-24,196,36919
overview,United Kingdom,K02000001,2020-05-23,220,36723
overview,United Kingdom,K02000001,2020-05-22,223,36503
overview,United Kingdom,K02000001,2020-05-21,238,36280
overview,United Kingdom,K02000001,2020-05-20,268,36042
overview,United Kingdom,K02000001,2020-05-19,275,35774
overview,United Kingdom,K02000001,2020-05-18,293,35499
overview,United Kingdom,K02000001,2020-05-17,267,35206
overview,United Kingdom,K02000001,2020-05-16,314,34939
overview,United Kingdom,K02000001,2020-05-15,314,34625
overview,United Kingdom,K02000001,2020-05-14,334,34311
overview,United Kingdom,K02000001,2020-05-13,317,33977
overview,United Kingdom,K02000001,2020-05-12,321,33660
overview,United Kingdom,K02000001,2020-05-11,309,33339
overview,United Kingdom,K02000001,2020-05-10,348,33030
overview,United Kingdom,K02000001,2020-05-09,378,32682
overview,United Kingdom,K02000001,2020-05-08,383,32304
overview,United Kingdom,K02000001,2020-05-07,461,31921
overview,United Kingdom,K02000001,2020-05-06,459,31460
overview,United Kingdom,K02000001,2020-05-05,465,31001
overview,United Kingdom,K02000001,2020-05-04,484,30536
overview,United Kingdom,K02000001,2020-05-03,450,30052
overview,United Kingdom,K02000001,2020-05-02,494,29602
overview,United Kingdom,K02000001,2020-05-01,568,29108
overview,United Kingdom,K02000001,2020-04-30,551,28540
overview,United Kingdom,K02000001,2020-04-29,572,27989
overview,United Kingdom,K02000001,2020-04-28,561,27417
overview,United Kingdom,K02000001,2020-04-27,594,26856
overview,United Kingdom,K02000001,2020-04-26,633,26262
overview,United Kingdom,K02000001,2020-04-25,647,25629
overview,United Kingdom,K02000001,2020-04-24,683,24982
overview,United Kingdom,K02000001,2020-04-23,678,24299
overview,United Kingdom,K02000001,2020-04-22,731,23621
overview,United Kingdom,K02000001,2020-04-21,744,22890
overview,United Kingdom,K02000001,2020-04-20,783,22146
overview,United Kingdom,K02000001,2020-04-19,769,21363
overview,United Kingdom,K02000001,2020-04-18,800,20594
overview,United Kingdom,K02000001,2020-04-17,819,19794
overview,United Kingdom,K02000001,2020-04-16,844,18975
overview,United Kingdom,K02000001,2020-04-15,878,18131
overview,United Kingdom,K02000001,2020-04-14,857,17253
overview,United Kingdom,K02000001,2020-04-13,896,16396
overview,United Kingdom,K02000001,2020-04-12,959,15500
overview,United Kingdom,K02000001,2020-04-11,956,14541
overview,United Kingdom,K02000001,2020-04-10,944,13585
overview,United Kingdom,K02000001,2020-04-09,1001,12641
overview,United Kingdom,K02000001,2020-04-08,1076,11640
overview,United Kingdom,K02000001,2020-04-07,999,10564
overview,United Kingdom,K02000001,2020-04-06,895,9565
overview,United Kingdom,K02000001,2020-04-05,917,8670
overview,United Kingdom,K02000001,2020-04-04,906,7753
overview,United Kingdom,K02000001,2020-04-03,840,6847
overview,United Kingdom,K02000001,2020-04-02,806,6007
overview,United Kingdom,K02000001,2020-04-01,769,5201
overview,United Kingdom,K02000001,2020-03-31,661,4432
overview,United Kingdom,K02000001,2020-03-30,591,3771
overview,United Kingdom,K02000001,2020-03-29,506,3180
overview,United Kingdom,K02000001,2020-03-28,436,2674
overview,United Kingdom,K02000001,2020-03-27,398,2238
overview,United Kingdom,K02000001,2020-03-26,362,1840
overview,United Kingdom,K02000001,2020-03-25,303,1478
overview,United Kingdom,K02000001,2020-03-24,237,1175
overview,United Kingdom,K02000001,2020-03-23,186,938
overview,United Kingdom,K02000001,2020-03-22,164,752
overview,United Kingdom,K02000001,2020-03-21,130,588
overview,United Kingdom,K02000001,2020-03-20,109,458
overview,United Kingdom,K02000001,2020-03-19,74,349
overview,United Kingdom,K02000001,2020-03-18,68,275
overview,United Kingdom,K02000001,2020-03-17,52,207
overview,United Kingdom,K02000001,2020-03-16,47,155
overview,United Kingdom,K02000001,2020-03-15,32,108
overview,United Kingdom,K02000001,2020-03-14,22,76
overview,United Kingdom,K02000001,2020-03-13,16,54
overview,United Kingdom,K02000001,2020-03-12,13,38
overview,United Kingdom,K02000001,2020-03-11,8,25
overview,United Kingdom,K02000001,2020-03-10,3,17
overview,United Kingdom,K02000001,2020-03-09,5,14
overview,United Kingdom,K02000001,2020-03-08,3,9
overview,United Kingdom,K02000001,2020-03-07,0,6
overview,United Kingdom,K02000001,2020-03-06,0,6
overview,United Kingdom,K02000001,2020-03-05,3,6
overview,United Kingdom,K02000001,2020-03-04,0,3
overview,United Kingdom,K02000001,2020-03-03,2,3
overview,United Kingdom,K02000001,2020-03-02,1,1
